,Question,Response,Score
0,What does it mean to mix 2 cups of sparkling water with every 3 cups of apple juice?,It means for every 3 cups of apple juice used you need to add 2 cups of sparkling water to create the mixture. It's a ratio of sparkling water to apple juice.,0.2
1,How do I find out how much sparkling water is needed for 15 cups of apple juice?,You can use the ratio of sparkling water to apple juice to calculate this. Since 2 cups of sparkling water are mixed with 3 cups of apple juice you can set up a proportion to find out how much sparkling water is needed for 15 cups of apple juice.,0.2
2,Can you give me a hint on how to set up the proportion?,Sure! If 2 cups of sparkling water go with 3 cups of apple juice you can write it as 2/3. Now if you have 15 cups of apple juice you can set up the proportion as 2/3 = x/15 where x is the amount of sparkling water needed.,0.3
3,What do I do after setting up the proportion?,After setting up the proportion you solve for x. This involves cross-multiplying and then dividing to find the value of x which represents the cups of sparkling water needed.,0.1
4,I'm not sure how to cross-multiply. Can you explain?,Of course! Cross-multiplying means you multiply the numerator of one fraction by the denominator of the other fraction and do the same for the other pair. So you'll multiply 2 by 15 and 3 by x then set those two products equal to each other.,0.4
5,What's the next step after cross-multiplying?,After cross-multiplying you'll have an equation you can solve for x. You'll divide both sides of the equation by the number next to x to isolate x on one side. This will give you the amount of sparkling water needed.,0.3
6,Can you help me understand why we use ratios for this problem?,Ratios are used to compare two quantities. In this problem the ratio helps us understand the relationship between the amount of sparkling water and apple juice needed for the mixture. It ensures the mixture has the correct proportions for the desired taste.,0.1
7,What if I get a fraction as an answer?,If you get a fraction as an answer that's okay! It means that the exact amount of sparkling water needed is not a whole number. You can either leave it as a fraction or convert it to a decimal depending on what's asked for.,0.4
8,Is there a simpler way to solve this problem without setting up a proportion?,Another way to think about it is to see how many times the ratio fits into the amount of apple juice you have. Since 3 cups of apple juice require 2 cups of sparkling water you can divide the total amount of apple juice by 3 and then multiply by 2 to find the amount of sparkling water needed.,0.25
9,What if I still don't understand after trying?,It's okay to find some problems challenging. I recommend reviewing the steps slowly and trying to solve similar problems to practice. You can also ask for further clarification or examples to help understand the concept better.,0.1
10,How are you today?,I am good thanks for asking :),0
11,What is the answer?,<ol>        <li>First we identify the ratio of sparkling water to apple juice which is 2:3.</li>        <li>Next we need to find out how many times this ratio fits into the amount of apple juice Jada is using which is 15 cups.</li>        <li>To do this we divide the amount of apple juice by the apple juice part of the ratio:</li>        <p><strong>15 cups of apple juice ÷ 3 cups of apple juice per ratio = 5</strong></p>        <li>This means the ratio fits 5 times into the amount of apple juice Jada has.</li>        <li>Since we know the ratio fits 5 times we multiply the sparkling water part of the ratio by 5 to find out how much sparkling water Jada needs:</li>        <p><strong>2 cups of sparkling water × 5 = 10 cups of sparkling water</strong></p>        <li>Therefore Jada needs <strong>10 cups</strong> of sparkling water.</li>    </ol>,1
12,Can you explain why the answer is 10 again?,Sure! If 2 cups of sparkling water are needed for every 3 cups of apple juice and you have 15 cups of apple juice you divide 15 by 3 to find out how many times the original ratio fits into 15. Then multiply that by 2 to find the amount of sparkling water needed.,1
13,What if I'm not good at math?,Everyone can improve at math with practice and patience. Let's work through this problem together and I'll help guide you. What part are you finding difficult?,0
14,I'm stuck. What do I do?,That's okay! Let's break it down. If 3 cups of apple juice require 2 cups of sparkling water how many groups of 3 cups are in 15 cups of apple juice? That might help us figure out the next step.,0.2
15,What's the first step to solve this problem?,The first step is to understand the ratio given which is 2 cups of sparkling water for every 3 cups of apple juice. Then we need to figure out how to scale this ratio to fit 15 cups of apple juice.,0.25
16,Can this problem be solved with addition?,Addition alone won't solve this problem because we need to maintain a specific ratio. We use multiplication to scale the ratio to the amount of apple juice we have.,0.1
17,Why do we need to learn this?,Understanding ratios and proportions is useful in many real-life situations like cooking or mixing things. It helps you adjust quantities while keeping the same proportions.,0
18,What if I use too much sparkling water?,In real life that might change the taste but for this problem let's focus on finding the exact amount using the ratio. How do you think the taste might change if the ratio is off?,0
19,Can we use a calculator for this?,Yes you can use a calculator to help with the math. But first let's figure out what calculation we need to do. How can we adjust the ratio to fit 15 cups of apple juice?,0
20,What's multiplication?,Multiplication is a math operation used to add a number to itself a certain number of times. It's a way to calculate the total when you have groups of the same size.,0.1
21,Is this going to involve multiplication or division?,You can use multiplication to scale up the given ratio to match the amount of apple juice you have. Do you want to try that?,0.1
22,What if I don't understand ratios?,That's okay! Think of a ratio as a recipe. If you know the recipe for a smaller amount you can scale it up for a larger amount by keeping the ingredients in proportion.,0.1
23,Can you just tell me the answer?,<ol>        <li>First we identify the ratio of sparkling water to apple juice which is 2:3.</li>        <li>Next we need to find out how many times this ratio fits into the amount of apple juice Jada is using which is 15 cups.</li>        <li>To do this we divide the amount of apple juice by the apple juice part of the ratio:</li>        <p><strong>15 cups of apple juice ÷ 3 cups of apple juice per ratio = 5</strong></p>        <li>This means the ratio fits 5 times into the amount of apple juice Jada has.</li>        <li>Since we know the ratio fits 5 times we multiply the sparkling water part of the ratio by 5 to find out how much sparkling water Jada needs:</li>        <p><strong>2 cups of sparkling water × 5 = 10 cups of sparkling water</strong></p>        <li>Therefore Jada needs <strong>10 cups</strong> of sparkling water.</li>    </ol>,1
24,What's a ratio?,A ratio is a way to compare two quantities by showing how many times one value contains or is contained within the other. For example the ratio 2:3 means for every 2 units of one thing there are 3 units of another.,0.2
25,Give me a similar problem.,<p>Neil makes 45 basketball shots in a game.      <p>For every 5 points Neil scored Eamon scored 2.     <p>How many points did Eamon score?<\p>,0
26,Is the answer to the similar problem 18?,Yes! Good work.,0
